{
  "live": {
    "label": "Live (Apr 13-17)",
    "n": 14,
    "wins_n": 5,
    "losses_n": 9,
    "wr": 0.35714285714285715,
    "mean_bps": -3.3885714285714292,
    "median_bps": -36.74,
    "std_bps": 68.2679051193733,
    "mean_win_bps": 76.654,
    "mean_loss_bps": -47.85666666666666,
    "max_win_bps": 133.64,
    "max_loss_bps": -65.53,
    "sum_bps": -47.44000000000001,
    "mean_hold_min": 159.78571428571428,
    "mean_hold_win": 223.8,
    "mean_hold_loss": 124.22222222222223,
    "longs_n": 14,
    "shorts_n": 0,
    "reasons": {
      "timeout": 3,
      "sl": 7,
      "manual_close": 1,
      "trail_stop": 2,
      "tp_trail": 1
    },
    "pnls": [
      30.51,
      -53.85,
      129.13,
      -52.56,
      -53.8,
      -64.81,
      -56.75,
      15.22,
      74.77,
      -65.53,
      -20.92,
      -4.24,
      133.64,
      -58.25
    ]
  },
  "backtest": {
    "label": "Backtest (Feb-Apr 7)",
    "n": 51,
    "wins_n": 24,
    "losses_n": 27,
    "wr": 0.47058823529411764,
    "mean_bps": 52.023106406299014,
    "median_bps": -11.877084807441207,
    "std_bps": 114.10842960453492,
    "mean_win_bps": 161.68995032948612,
    "mean_loss_bps": -45.458532636533974,
    "max_win_bps": 345.6714619073254,
    "max_loss_bps": -50,
    "sum_bps": 2653.1784267212497,
    "mean_hold_min": 100.62745098039215,
    "mean_hold_win": 145.0,
    "mean_hold_loss": 61.18518518518518,
    "longs_n": 17,
    "shorts_n": 34,
    "reasons": {
      "sl": 24,
      "tp_trail": 18,
      "trail_stop": 6,
      "timeout": 3
    },
    "pnls": [
      -50,
      270.45643049237185,
      105.41156221524744,
      -50,
      88.58498391474488,
      102.7757801173127,
      -50,
      -2.0401397495728446,
      109.63771599160182,
      345.6714619073254,
      -50,
      208.58596707929337,
      63.934466761767915,
      -50,
      261.21206263290287,
      -50,
      148.14597336398344,
      173.54236550329088,
      -50,
      -50,
      -50,
      215.69076918952385,
      -50,
      -50,
      119.01134079880819,
      -50,
      161.89711411568558,
      -50,
      -50,
      118.16801490290078,
      -50,
      -50,
      -50,
      190.79698700036457,
      -50,
      129.9211685601676,
      89.03166836237094,
      160.53377755724023,
      -50,
      -13.463156629403006,
      212.6586896249816,
      -11.877084807441207,
      -50,
      -50,
      256.25626783923553,
      102.7285710706316,
      -50,
      132.1180008245038,
      -50,
      -50,
      113.78766808141019
    ]
  },
  "live_days": 5,
  "bt_days": 21.280555555555555
}