{
  "fcfs": {
    "trades": 73,
    "wins": 35,
    "win_rate": 0.4794520547945205,
    "ret_pct": 606.8690075185427,
    "pnl_usd": 60686.90075185428,
    "max_dd": 26.871605281197287,
    "calmar": 22.58402507658088,
    "sharpe": 11.110016998617837,
    "btc_trades": 27,
    "btc_wins": 16,
    "btc_pnl": 38421.93945142553,
    "eth_trades": 46,
    "eth_wins": 19,
    "eth_pnl": 32000.640034601365
  },
  "split": {
    "trades": 87,
    "wins": 41,
    "win_rate": 0.47126436781609193,
    "ret_pct": 204.8997440851978,
    "pnl_usd": 20489.97440851978,
    "max_dd": 21.249192298436732,
    "calmar": 9.642707412472893,
    "sharpe": 14.412131511768274,
    "btc_trades": 32,
    "btc_wins": 19,
    "btc_pnl": 12969.376773470507,
    "eth_trades": 55,
    "eth_wins": 22,
    "eth_pnl": 11484.921761047806
  },
  "priority": {
    "trades": 72,
    "wins": 36,
    "win_rate": 0.5,
    "ret_pct": 851.9149655979287,
    "pnl_usd": 85191.49655979288,
    "max_dd": 26.871605281197287,
    "calmar": 31.703166099795098,
    "sharpe": 11.667870791209662,
    "btc_trades": 25,
    "btc_wins": 16,
    "btc_pnl": 53292.433362958785,
    "eth_trades": 47,
    "eth_wins": 20,
    "eth_pnl": 44925.93493486559
  },
  "btc_solo": {
    "trades": 32,
    "wins": 18,
    "win_rate": 0.5625,
    "ret_pct": 171.64961996391594,
    "pnl_usd": 17164.961996391594,
    "max_dd": 20.777453861686844,
    "calmar": 8.26134044655173,
    "longs": 15,
    "long_wr": 0.4666666666666667,
    "long_pnl": 10025.247531032459,
    "shorts": 17,
    "short_wr": 0.6470588235294118,
    "short_pnl": 9731.055038105213,
    "shorts_skipped": 0,
    "tp": 9,
    "sl": 12,
    "to": 11,
    "avg_hold": 150.53125
  },
  "eth_solo": {
    "trades": 55,
    "wins": 22,
    "win_rate": 0.4,
    "ret_pct": 159.6759599928698,
    "pnl_usd": 15967.59599928698,
    "max_dd": 22.12575875327814,
    "calmar": 7.216745051475908,
    "longs": 21,
    "long_wr": 0.38095238095238093,
    "long_pnl": 5675.910963334274,
    "shorts": 34,
    "short_wr": 0.4117647058823529,
    "short_pnl": 15399.292025793437,
    "shorts_skipped": 0,
    "tp": 13,
    "sl": 30,
    "to": 12,
    "avg_hold": 103.63636363636364
  }
}