{
  "val_acc_v1": 0.52,
  "val_acc_v2": 0.5218485208737432,
  "train_acc": 0.5518497247672763,
  "best_iteration": 48,
  "top_features": {
    "ret_60": 0.10037413984537125,
    "ret_30": 0.04618449509143829,
    "ret_15": 0.04272894933819771,
    "vwap_pos": 0.03984791040420532,
    "hour_cos": 0.03635268658399582,
    "spread_bps": 0.03592154011130333,
    "hour_sin": 0.03389289230108261,
    "vol_30": 0.03243931755423546,
    "imb_L1": 0.029864756390452385,
    "up_frac_30": 0.02861134335398674,
    "imb_L5": 0.027663979679346085,
    "imb_mean_30": 0.02702256664633751,
    "atr_bps": 0.026246733963489532,
    "wall_imbalance": 0.02579588070511818,
    "spread_atr_ratio": 0.02559354342520237
  },
  "n_features": 42
}